leaf,label
RW.TTGCGTCCAATCAGAA-1,RW
RW.GTCACAAGTTAAGACA-1,RW
RW.GTATTCTAGCACAGGT-1,RW
RW.GGGCATCCACAGCCCA-1,RW
RW.GCTTGAAGTTCAGTAC-1,RW
RW.CGCGTTTGTGATAAGT-1,RW
RW.CACATAGAGCGTCTAT-1,RW
RW.AGCTCTCGTACCGAGA-1,RW
RE.TTTCCTCCAGCATACT-1,RE
RE.TTATGCTAGCTCCTCT-1,RE
RE.TGCCCATGTAGAAGGA-1,RE
RE.TCTGAGATCCCATTAT-1,RE
RE.TAGTGGTTCCTTGCCA-1,RE
RE.GTGAAGGCAAGTCATC-1,RE
RE.GCGAGAATCGCATGAT-1,RE
RE.CGGCTAGCACAAGACG-1,RE
RE.CGATTGATCGGTTCGG-1,RE
RE.CCTAAAGTCGAATCCA-1,RE
RE.AGGGTGAAGCGATGAC-1,RE
M2.TGGTTCCGTGTAATGA-1,M2
M2.GATTCAGCACTACAGT-1,M2
M2.ACTTGTTTCAGCTCGG-1,M2
M2.ACTGAGTGTTCCAACA-1,M2
M1.TTGCCGTAGATGTGTA-1,M1
M1.TGATTTCAGCGTGAAC-1,M1
M1.TGAGCATCATCTACGA-1,M1
M1.TGAAAGAGTAACGCGA-1,M1
M1.TACTCGCTCCTTTCTC-1,M1
M1.TACTCATTCATGCAAC-1,M1
M1.TACGGGCAGCGTGAGT-1,M1
M1.TACCTATAGCGAGAAA-1,M1
M1.TAAGCGTCACCAGTTA-1,M1
M1.CGACCTTAGATAGCAT-1,M1
M1.CAGCTGGTCTGTACGA-1,M1
M1.CAGCTAAGTCAGGACA-1,M1
M1.ATTATCCGTGCCTGGT-1,M1
M1.AGGTCATCAGTCAGAG-1,M1
M1.AGAGCTTCACCATGTA-1,M1
M1.AGAGCGAGTTCTGTTT-1,M1
M1.ACGGGTCGTATAGTAG-1,M1
M1.ACACCCTAGTCAATAG-1,M1
M1.AAACCTGAGCGTAATA-1,M1
Liv.CAGCTGGCAAGCGAGT-1,Liv
Liv.CACTCCAAGTCAAGGC-1,Liv
Liv.ATCCACCGTATTAGCC-1,Liv
Liv.AGTAGTCAGGAGTAGA-1,Liv
Liv.ACGCCGAAGCCCGAAA-1,Liv
LL.TCTATTGAGGCTAGCA-1,LL
LL.TACTCATGTCTTCAAG-1,LL
LL.CCACCTAAGGACTGGT-1,LL
LL.CAAGTTGAGCTCTCGG-1,LL
LL.ATCATGGAGACTTTCG-1,LL
